类别,Precision,Recall,AP50,AP50-95
赤麂,0.9461,0.9399,0.9636,0.8731
猪獾,0.8407,0.8750,0.9604,0.8838
豹猫,0.9965,0.9583,0.9550,0.7710
豹,0.9195,0.9118,0.9458,0.8115
白鹇,0.8835,0.8055,0.8551,0.6975
帚尾豪猪,0.8720,0.6534,0.8372,0.5291
猕猴,0.9055,0.7597,0.8321,0.6444
虎,0.8572,0.8537,0.8271,0.6766
水鹿,0.7210,0.7700,0.8216,0.6958
灰孔雀雉,0.9306,0.6202,0.8100,0.5881
鼬獾,0.8274,0.7050,0.8036,0.5574
果子狸,0.8627,0.6982,0.8011,0.6160
黄喉貂,0.9156,0.6294,0.7641,0.5871
蟹獴,0.8082,0.6654,0.7564,0.5604
野猪,0.8266,0.6603,0.7521,0.5940
中华鬣羚,0.7507,0.6797,0.7277,0.5821
红原鸡,0.8694,0.6265,0.7017,0.4631
麂,0.6190,0.6744,0.6837,0.5731
红颊松鼠,0.7882,0.4588,0.6030,0.3743
总体,0.8495,0.7340,0.8106,0.6357
